Year,Category,Prize Share,Laureate ID,Laureate Type,Full Name,Birth Date,Birth Country,Sex,Organization Country,Disease,Diagnostic
1901,Chemistry,1/1,160,Individual,Jacobus Henricus van 't Hoff,1852-08-30,Netherlands,Male,Germany,no,
1901,Medicine,1/1,293,Individual,Emil Adolf von Behring,1854-03-15,Prussia (Poland),Male,Germany,no,
1901,Physics,1/1,1,Individual,Wilhelm Conrad Röntgen,1845-03-27,Prussia (Germany),Male,Germany,no,
1902,Chemistry,1/1,161,Individual,Hermann Emil Fischer,1852-10-09,Prussia (Germany),Male,Germany,no,
1902,Medicine,1/1,294,Individual,Ronald Ross,1857-05-13,India,Male,United Kingdom,no,
1902,Physics,1/2,2,Individual,Hendrik Antoon Lorentz,1853-07-18,Netherlands,Male,Netherlands,no,
1902,Physics,1/2,3,Individual,Pieter Zeeman,1865-05-25,Netherlands,Male,Netherlands,no,
1903,Chemistry,1/1,162,Individual,Svante August Arrhenius,1859-02-19,Sweden,Male,Sweden,no,
1903,Medicine,1/1,295,Individual,Niels Ryberg Finsen,1860-12-15,Faroe Islands (Denmark),Male,Denmark,no,
1903,Physics,1/2,4,Individual,Antoine Henri Becquerel,1852-12-15,France,Male,France,no,
1903,Physics,1/4,5,Individual,Pierre Curie,1859-05-15,France,Male,France,yes,psychics
1903,Physics,1/4,6,Individual,"Marie Curie, née Sklodowska",1867-11-07,Russian Empire (Poland),Female,,yes,psychics
1904,Chemistry,1/1,163,Individual,Sir William Ramsay,1852-10-02,Scotland,Male,United Kingdom,no,
1904,Medicine,1/1,296,Individual,Ivan Petrovich Pavlov,1849-09-14,Russia,Male,Russia,no,
1904,Physics,1/1,8,Individual,Lord Rayleigh (John William Strutt),1842-11-12,United Kingdom,Male,United Kingdom,yes,"Paranormal, ghosts"
1905,Chemistry,1/1,164,Individual,Johann Friedrich Wilhelm Adolf von Baeyer,1835-10-31,Prussia (Germany),Male,Germany,no,
1905,Medicine,1/1,297,Individual,Robert Koch,1843-12-11,Germany,Male,Germany,no,
1905,Physics,1/1,9,Individual,Philipp Eduard Anton von Lenard,1862-06-07,Hungary (Slovakia),Male,Germany,yes,Nazi racialism
1906,Chemistry,1/1,165,Individual,Henri Moissan,1852-09-28,France,Male,France,no,
1906,Medicine,1/2,298,Individual,Camillo Golgi,1843-07-07,Italy,Male,Italy,no,
1906,Medicine,1/2,299,Individual,Santiago Ramón y Cajal,1852-05-01,Spain,Male,Spain,no,
1906,Physics,1/1,10,Individual,Joseph John Thomson,1856-12-18,United Kingdom,Male,United Kingdom,yes,"Psychic, dowsing and paranormal"
1907,Chemistry,1/1,166,Individual,Eduard Buchner,1860-05-20,Bavaria (Germany),Male,Germany,no,
1907,Medicine,1/1,300,Individual,Charles Louis Alphonse Laveran,1845-06-18,France,Male,France,no,
1907,Physics,1/1,11,Individual,Albert Abraham Michelson,1852-12-19,Prussia (Poland),Male,United States of America,no,
1908,Chemistry,1/1,167,Individual,Ernest Rutherford,1871-08-30,New Zealand,Male,United Kingdom,no,
1908,Medicine,1/2,301,Individual,Ilya Ilyich Mechnikov,1845-05-15,Russian Empire (Ukraine),Male,France,no,
1908,Medicine,1/2,302,Individual,Paul Ehrlich,1854-03-14,Prussia (Poland),Male,Germany,no,
1908,Medicine,1/2,302,Individual,Paul Ehrlich,1854-03-14,Prussia (Poland),Male,Germany,no,
1908,Physics,1/1,12,Individual,Gabriel Lippmann,1845-08-16,Luxembourg,Male,France,no,
1909,Chemistry,1/1,168,Individual,Wilhelm Ostwald,1853-09-02,Russian Empire (Latvia),Male,Germany,no,
1909,Medicine,1/1,303,Individual,Emil Theodor Kocher,1841-08-25,Switzerland,Male,Switzerland,no,
1909,Physics,1/2,13,Individual,Guglielmo Marconi,1874-04-25,Italy,Male,United Kingdom,no,
1909,Physics,1/2,14,Individual,Karl Ferdinand Braun,1850-06-06,Hesse-Kassel (Germany),Male,"Alsace (then Germany, now France)",no,
1910,Chemistry,1/1,169,Individual,Otto Wallach,1847-03-27,Germany (Russia),Male,Germany,no,
1910,Medicine,1/1,304,Individual,Albrecht Kossel,1853-09-16,Mecklenburg (Germany),Male,Germany,no,
1910,Physics,1/1,15,Individual,Johannes Diderik van der Waals,1837-11-23,Netherlands,Male,Netherlands,no,
1911,Chemistry,1/1,6,Individual,"Marie Curie, née Sklodowska",1867-11-07,Russian Empire (Poland),Female,France,no,
1911,Medicine,1/1,305,Individual,Allvar Gullstrand,1862-06-05,Sweden,Male,Sweden,no,
1911,Physics,1/1,16,Individual,Wilhelm Wien,1864-01-13,Prussia (Russia),Male,Germany,no,
1912,Chemistry,1/2,172,Individual,Victor Grignard,1871-05-06,France,Male,France,no,
1912,Chemistry,1/2,173,Individual,Paul Sabatier,1854-11-05,France,Male,France,no,
1912,Medicine,1/1,306,Individual,Alexis Carrel,1873-06-28,France,Male,United States of America,yes,Nazi racialism
1912,Physics,1/1,17,Individual,Nils Gustaf Dalén,1869-11-30,Sweden,Male,Sweden,no,
1913,Chemistry,1/1,174,Individual,Alfred Werner,1866-12-12,France,Male,Switzerland,no,
1913,Medicine,1/1,307,Individual,Charles Robert Richet,1850-08-26,France,Male,France,yes,"ESP, paranormal, dowsing, ghosts"
1913,Physics,1/1,18,Individual,Heike Kamerlingh Onnes,1853-09-21,Netherlands,Male,Netherlands,no,
1914,Chemistry,1/1,175,Individual,Theodore William Richards,1868-01-31,United States of America,Male,United States of America,no,
1914,Medicine,1/1,308,Individual,Robert Bárány,1876-04-22,Austria,Male,Austria,no,
1914,Physics,1/1,19,Individual,Max von Laue,1879-10-09,Germany,Male,Germany,no,
1915,Chemistry,1/1,176,Individual,Richard Martin Willstätter,1872-08-13,Germany,Male,Germany,no,
1915,Physics,1/2,20,Individual,Sir William Henry Bragg,1862-07-02,United Kingdom,Male,United Kingdom,no,
1915,Physics,1/2,21,Individual,William Lawrence Bragg,1890-03-31,Australia,Male,United Kingdom,no,
1917,Physics,1/1,22,Individual,Charles Glover Barkla,1877-06-07,United Kingdom,Male,United Kingdom,no,
1918,Chemistry,1/1,177,Individual,Fritz Haber,1868-12-09,Prussia (Poland),Male,Germany,no,
1918,Physics,1/1,23,Individual,Max Karl Ernst Ludwig Planck,1858-04-23,Schleswig (Germany),Male,Germany,no,
1919,Medicine,1/1,309,Individual,Jules Bordet,1870-06-13,Belgium,Male,Belgium,no,
1919,Physics,1/1,24,Individual,Johannes Stark,1874-04-15,Germany,Male,Germany,no,
1920,Chemistry,1/1,178,Individual,Walther Hermann Nernst,1864-06-25,Prussia (Germany),Male,Germany,no,
1920,Medicine,1/1,310,Individual,Schack August Steenberg Krogh,1874-11-15,Denmark,Male,Denmark,no,
1920,Physics,1/1,25,Individual,Charles Edouard Guillaume,1861-02-15,Switzerland,Male,France,no,
1921,Chemistry,1/1,179,Individual,Frederick Soddy,1877-09-02,United Kingdom,Male,United Kingdom,no,
1921,Physics,1/1,26,Individual,Albert Einstein,1879-03-14,Germany,Male,Germany,yes,psychic
1922,Chemistry,1/1,180,Individual,Francis William Aston,1877-09-01,United Kingdom,Male,United Kingdom,no,
1922,Medicine,1/2,311,Individual,Archibald Vivian Hill,1886-09-26,United Kingdom,Male,United Kingdom,no,
1922,Medicine,1/2,312,Individual,Otto Fritz Meyerhof,1884-04-12,Germany,Male,Germany,no,
1922,Physics,1/1,27,Individual,Niels Henrik David Bohr,1885-10-07,Denmark,Male,Denmark,no,
1923,Chemistry,1/1,181,Individual,Fritz Pregl,1869-09-03,Austria-Hungary (Slovenia),Male,Austria,no,
1923,Medicine,1/2,313,Individual,Frederick Grant Banting,1891-11-14,Canada,Male,Canada,no,
1923,Medicine,1/2,314,Individual,John James Rickard Macleod,1876-09-06,Scotland,Male,Canada,no,
1923,Physics,1/1,28,Individual,Robert Andrews Millikan,1868-03-22,United States of America,Male,United States of America,no,
1924,Medicine,1/1,315,Individual,Willem Einthoven,1860-05-21,"Java, Dutch East Indies (Indonesia)",Male,Netherlands,no,
1924,Physics,1/1,29,Individual,Karl Manne Georg Siegbahn,1886-12-03,Sweden,Male,Sweden,no,
1925,Chemistry,1/1,182,Individual,Richard Adolf Zsigmondy,1865-04-01,Austrian Empire (Austria),Male,Germany,no,
1925,Physics,1/2,30,Individual,James Franck,1882-08-26,Germany,Male,Germany,no,
1925,Physics,1/2,31,Individual,Gustav Ludwig Hertz,1887-07-22,Germany,Male,Germany,no,
1926,Chemistry,1/1,183,Individual,The (Theodor) Svedberg,1884-08-30,Sweden,Male,Sweden,no,
1926,Medicine,1/1,316,Individual,Johannes Andreas Grib Fibiger,1867-04-23,Denmark,Male,Denmark,no,
1926,Physics,1/1,32,Individual,Jean Baptiste Perrin,1870-09-30,France,Male,France,no,
1927,Chemistry,1/1,184,Individual,Heinrich Otto Wieland,1877-06-04,Germany,Male,Germany,no,
1927,Medicine,1/1,317,Individual,Julius Wagner-Jauregg,1857-03-07,Austria,Male,Austria,no,
1927,Physics,1/2,33,Individual,Arthur Holly Compton,1892-09-10,United States of America,Male,United States of America,no,
1927,Physics,1/2,34,Individual,Charles Thomson Rees Wilson,1869-02-14,Scotland,Male,United Kingdom,no,
1928,Chemistry,1/1,185,Individual,Adolf Otto Reinhold Windaus,1876-12-25,Germany,Male,Germany,no,
1928,Medicine,1/1,318,Individual,Charles Jules Henri Nicolle,1866-09-21,France,Male,,no,
1928,Physics,1/1,35,Individual,Owen Willans Richardson,1879-04-26,United Kingdom,Male,United Kingdom,no,
1929,Chemistry,1/2,186,Individual,Arthur Harden,1865-10-12,United Kingdom,Male,United Kingdom,no,
1929,Chemistry,1/2,187,Individual,Hans Karl August Simon von Euler-Chelpin,1873-02-15,Germany,Male,Sweden,no,
1929,Medicine,1/2,319,Individual,Christiaan Eijkman,1858-08-11,Netherlands,Male,Netherlands,no,
1929,Medicine,1/2,320,Individual,Sir Frederick Gowland Hopkins,1861-06-20,United Kingdom,Male,United Kingdom,no,
1929,Physics,1/1,36,Individual,Prince Louis-Victor Pierre Raymond de Broglie,1892-08-15,France,Male,France,no,
1930,Chemistry,1/1,188,Individual,Hans Fischer,1881-07-27,Germany,Male,Germany,no,
1930,Medicine,1/1,321,Individual,Karl Landsteiner,1868-06-14,Austrian Empire (Austria),Male,United States of America,no,
1930,Physics,1/1,37,Individual,Sir Chandrasekhara Venkata Raman,1888-11-07,India,Male,India,no,
1931,Chemistry,1/2,189,Individual,Carl Bosch,1874-08-27,Germany,Male,Germany,no,
1931,Chemistry,1/2,189,Individual,Carl Bosch,1874-08-27,Germany,Male,Germany,no,
1931,Chemistry,1/2,190,Individual,Friedrich Bergius,1884-10-11,Germany (Poland),Male,Germany,no,
1931,Chemistry,1/2,190,Individual,Friedrich Bergius,1884-10-11,Germany (Poland),Male,Germany,no,
1931,Medicine,1/1,322,Individual,Otto Heinrich Warburg,1883-10-08,Germany,Male,Germany,no,
1932,Chemistry,1/1,191,Individual,Irving Langmuir,1881-01-31,United States of America,Male,United States of America,no,
1932,Medicine,1/2,323,Individual,Sir Charles Scott Sherrington,1857-11-27,United Kingdom,Male,United Kingdom,no,
1932,Medicine,1/2,324,Individual,Edgar Douglas Adrian,1889-11-30,United Kingdom,Male,United Kingdom,no,
1932,Physics,1/1,38,Individual,Werner Karl Heisenberg,1901-12-05,Germany,Male,Germany,no,
1933,Medicine,1/1,325,Individual,Thomas Hunt Morgan,1866-09-25,United States of America,Male,United States of America,no,
1933,Physics,1/2,39,Individual,Erwin Schrödinger,1887-08-12,Austria,Male,Germany,yes,Quantum mysticism and global consciousness
1933,Physics,1/2,40,Individual,Paul Adrien Maurice Dirac,1902-08-08,United Kingdom,Male,United Kingdom,,
1934,Chemistry,1/1,192,Individual,Harold Clayton Urey,1893-04-29,United States of America,Male,United States of America,no,
1934,Medicine,1/3,326,Individual,George Hoyt Whipple,1878-08-28,United States of America,Male,United States of America,no,
1934,Medicine,1/3,327,Individual,George Richards Minot,1885-12-02,United States of America,Male,United States of America,no,
1934,Medicine,1/3,328,Individual,William Parry Murphy,1892-02-06,United States of America,Male,United States of America,no,
1934,Medicine,1/3,328,Individual,William Parry Murphy,1892-02-06,United States of America,Male,United States of America,no,
1935,Chemistry,1/2,193,Individual,Frédéric Joliot,1900-03-19,France,Male,France,no,
1935,Chemistry,1/2,194,Individual,Irène Joliot-Curie,1897-09-12,France,Female,France,no,
1935,Medicine,1/1,329,Individual,Hans Spemann,1869-06-27,W&uuml;rttemberg (Germany),Male,Germany,no,
1935,Physics,1/1,41,Individual,James Chadwick,1891-10-20,United Kingdom,Male,United Kingdom,no,
1936,Chemistry,1/1,195,Individual,Petrus (Peter) Josephus Wilhelmus Debye,1884-03-24,Netherlands,Male,Germany,no,
1936,Chemistry,1/1,195,Individual,Petrus (Peter) Josephus Wilhelmus Debye,1884-03-24,Netherlands,Male,Germany,no,
1936,Medicine,1/2,330,Individual,Sir Henry Hallett Dale,1875-06-09,United Kingdom,Male,United Kingdom,no,
1936,Medicine,1/2,331,Individual,Otto Loewi,1873-06-03,Germany,Male,Austria,no,
1936,Physics,1/2,42,Individual,Victor Franz Hess,1883-06-24,Austria,Male,Austria,no,
1936,Physics,1/2,43,Individual,Carl David Anderson,1905-09-03,United States of America,Male,United States of America,no,
1937,Chemistry,1/2,196,Individual,Walter Norman Haworth,1883-03-19,United Kingdom,Male,United Kingdom,no,
1937,Chemistry,1/2,197,Individual,Paul Karrer,1889-04-21,Russia,Male,Switzerland,no,
1937,Medicine,1/1,332,Individual,Albert von Szent-Györgyi Nagyrápolt,1893-09-16,Austria-Hungary (Hungary),Male,Hungary,no,
1937,Physics,1/2,44,Individual,Clinton Joseph Davisson,1881-10-22,United States of America,Male,United States of America,no,
1937,Physics,1/2,45,Individual,George Paget Thomson,1892-05-03,United Kingdom,Male,United Kingdom,no,
1938,Chemistry,1/1,198,Individual,Richard Kuhn,1900-12-03,Austria-Hungary (Austria),Male,Germany,no,
1938,Chemistry,1/1,198,Individual,Richard Kuhn,1900-12-03,Austria-Hungary (Austria),Male,Germany,no,
1938,Medicine,1/1,333,Individual,Corneille Jean François Heymans,1892-03-28,Belgium,Male,Belgium,no,
1938,Physics,1/1,46,Individual,Enrico Fermi,1901-09-29,Italy,Male,Italy,no,
1939,Chemistry,1/2,199,Individual,Adolf Friedrich Johann Butenandt,1903-03-24,Germany,Male,Germany,no,
1939,Chemistry,1/2,199,Individual,Adolf Friedrich Johann Butenandt,1903-03-24,Germany,Male,Germany,no,
1939,Chemistry,1/2,200,Individual,Leopold Ruzicka,1887-09-13,Austria-Hungary (Croatia),Male,Switzerland,no,
1939,Medicine,1/1,334,Individual,Gerhard Domagk,1895-10-30,Germany (Poland),Male,Germany,no,
1939,Physics,1/1,47,Individual,Ernest Orlando Lawrence,1901-08-08,United States of America,Male,United States of America,no,
1943,Chemistry,1/1,201,Individual,George de Hevesy,1885-08-01,Austria-Hungary (Hungary),Male,Sweden,no,
1943,Medicine,1/2,335,Individual,Henrik Carl Peter Dam,1895-02-21,Denmark,Male,Denmark,no,
1943,Medicine,1/2,336,Individual,Edward Adelbert Doisy,1893-11-13,United States of America,Male,United States of America,no,
1943,Physics,1/1,48,Individual,Otto Stern,1888-02-17,Germany (Poland),Male,United States of America,yes,Psychokinesis and Pauli effect
1944,Chemistry,1/1,202,Individual,Otto Hahn,1879-03-08,Germany,Male,Germany,no,
1944,Medicine,1/2,337,Individual,Joseph Erlanger,1874-01-05,United States of America,Male,United States of America,no,
1944,Medicine,1/2,338,Individual,Herbert Spencer Gasser,1888-07-05,United States of America,Male,United States of America,no,
1944,Physics,1/1,49,Individual,Isidor Isaac Rabi,1898-07-29,Austria-Hungary (Poland),Male,United States of America,no,
1945,Chemistry,1/1,203,Individual,Artturi Ilmari Virtanen,1895-01-15,Russian Empire (Finland),Male,Finland,no,
1945,Medicine,1/3,339,Individual,Sir Alexander Fleming,1881-08-06,Scotland,Male,United Kingdom,no,
1945,Medicine,1/3,340,Individual,Ernst Boris Chain,1906-06-19,Germany,Male,United Kingdom,yes,Evolution denial
1945,Medicine,1/3,341,Individual,Sir Howard Walter Florey,1898-09-24,Australia,Male,United Kingdom,no,
1945,Physics,1/1,50,Individual,Wolfgang Pauli,1900-04-25,Austria,Male,United States of America,yes,"Pauli effect, psychokinesis and paranormal"
1946,Chemistry,1/2,204,Individual,James Batcheller Sumner,1887-11-19,United States of America,Male,United States of America,no,
1946,Chemistry,1/4,205,Individual,John Howard Northrop,1891-07-05,United States of America,Male,United States of America,no,
1946,Chemistry,1/4,206,Individual,Wendell Meredith Stanley,1904-08-16,United States of America,Male,United States of America,no,
1946,Medicine,1/1,342,Individual,Hermann Joseph Muller,1890-12-21,United States of America,Male,United States of America,no,
1946,Physics,1/1,51,Individual,Percy Williams Bridgman,1882-04-21,United States of America,Male,United States of America,no,
1947,Chemistry,1/1,207,Individual,Sir Robert Robinson,1886-09-13,United Kingdom,Male,United Kingdom,no,
1947,Medicine,1/4,343,Individual,Carl Ferdinand Cori,1896-12-05,Austria-Hungary (Czech Republic),Male,United States of America,no,
1947,Medicine,1/4,344,Individual,"Gerty Theresa Cori, née Radnitz",1896-08-15,Austria-Hungary (Czech Republic),Female,United States of America,no,
1947,Medicine,1/2,345,Individual,Bernardo Alberto Houssay,1887-04-10,Argentina,Male,Argentina,no,
1947,Physics,1/1,52,Individual,Sir Edward Victor Appleton,1892-09-06,United Kingdom,Male,United Kingdom,no,
1948,Chemistry,1/1,208,Individual,Arne Wilhelm Kaurin Tiselius,1902-08-10,Sweden,Male,Sweden,no,
1948,Medicine,1/1,346,Individual,Paul Hermann Müller,1899-01-12,Switzerland,Male,Switzerland,no,
1948,Physics,1/1,53,Individual,Patrick Maynard Stuart Blackett,1897-11-18,United Kingdom,Male,United Kingdom,no,
1949,Chemistry,1/1,209,Individual,William Francis Giauque,1895-05-12,Canada,Male,United States of America,no,
1949,Medicine,1/2,347,Individual,Walter Rudolf Hess,1881-03-17,Switzerland,Male,Switzerland,no,
1949,Medicine,1/2,348,Individual,Antonio Caetano de Abreu Freire Egas Moniz,1874-11-29,Portugal,Male,Portugal,no,
1949,Medicine,1/2,348,Individual,Antonio Caetano de Abreu Freire Egas Moniz,1874-11-29,Portugal,Male,Portugal,no,
1949,Physics,1/1,54,Individual,Hideki Yukawa,1907-01-23,Japan,Male,Japan,yes,"Intuition and mysticism superior to logic and reason, anti-science and Taoist relativism"
1949,Physics,1/1,54,Individual,Hideki Yukawa,1907-01-23,Japan,Male,United States of America,no,
1950,Chemistry,1/2,210,Individual,Otto Paul Hermann Diels,1876-01-23,Germany,Male,Federal Republic of Germany,no,
1950,Chemistry,1/2,211,Individual,Kurt Alder,1902-07-10,Prussia (Poland),Male,Federal Republic of Germany,no,
1950,Medicine,1/3,349,Individual,Edward Calvin Kendall,1886-03-08,United States of America,Male,United States of America,no,
1950,Medicine,1/3,350,Individual,Tadeus Reichstein,1897-07-20,Poland,Male,Switzerland,no,
1950,Medicine,1/3,351,Individual,Philip Showalter Hench,1896-02-28,United States of America,Male,United States of America,no,
1950,Physics,1/1,55,Individual,Cecil Frank Powell,1903-12-05,United Kingdom,Male,United Kingdom,no,
1951,Chemistry,1/2,212,Individual,Edwin Mattison McMillan,1907-09-18,United States of America,Male,United States of America,no,
1951,Chemistry,1/2,213,Individual,Glenn Theodore Seaborg,1912-04-19,United States of America,Male,United States of America,no,
1951,Medicine,1/1,352,Individual,Max Theiler,1899-01-30,South Africa,Male,United States of America,no,
1951,Physics,1/2,56,Individual,Sir John Douglas Cockcroft,1897-05-27,United Kingdom,Male,United Kingdom,no,
1951,Physics,1/2,57,Individual,Ernest Thomas Sinton Walton,1903-10-06,Ireland,Male,Ireland,no,
1952,Chemistry,1/2,214,Individual,Archer John Porter Martin,1910-03-01,United Kingdom,Male,United Kingdom,no,
1952,Chemistry,1/2,215,Individual,Richard Laurence Millington Synge,1914-10-28,United Kingdom,Male,United Kingdom,no,
1952,Medicine,1/1,353,Individual,Selman Abraham Waksman,1888-07-22,Russian Empire (Ukraine),Male,United States of America,no,
1952,Physics,1/2,58,Individual,Felix Bloch,1905-10-23,Switzerland,Male,United States of America,no,
1952,Physics,1/2,59,Individual,Edward Mills Purcell,1912-08-30,United States of America,Male,United States of America,no,
1953,Chemistry,1/1,216,Individual,Hermann Staudinger,1881-03-23,Germany,Male,Federal Republic of Germany,no,
1953,Chemistry,1/1,216,Individual,Hermann Staudinger,1881-03-23,Germany,Male,Federal Republic of Germany,no,
1953,Medicine,1/2,354,Individual,Hans Adolf Krebs,1900-08-25,Germany,Male,United Kingdom,no,
1953,Medicine,1/2,355,Individual,Fritz Albert Lipmann,1899-06-12,Germany (Russia),Male,United States of America,no,
1953,Medicine,1/2,355,Individual,Fritz Albert Lipmann,1899-06-12,Germany (Russia),Male,United States of America,no,
1953,Physics,1/1,60,Individual,Frits Zernike,1888-07-16,Netherlands,Male,Netherlands,no,
1954,Chemistry,1/1,217,Individual,Linus Carl Pauling,1901-02-28,United States of America,Male,United States of America,yes,Vitamin C quackery/orthomolecular medicine
1954,Medicine,1/3,356,Individual,John Franklin Enders,1897-02-10,United States of America,Male,United States of America,no,
1954,Medicine,1/3,356,Individual,John Franklin Enders,1897-02-10,United States of America,Male,United States of America,no,
1954,Medicine,1/3,357,Individual,Thomas Huckle Weller,1915-06-15,United States of America,Male,United States of America,no,
1954,Medicine,1/3,358,Individual,Frederick Chapman Robbins,1916-08-25,United States of America,Male,United States of America,no,
1954,Physics,1/2,61,Individual,Max Born,1882-12-11,Germany (Poland),Male,United Kingdom,no,
1954,Physics,1/2,62,Individual,Walther Bothe,1891-01-08,Germany,Male,Federal Republic of Germany,no,
1954,Physics,1/2,62,Individual,Walther Bothe,1891-01-08,Germany,Male,Federal Republic of Germany,no,
1955,Chemistry,1/1,218,Individual,Vincent du Vigneaud,1901-05-18,United States of America,Male,United States of America,no,
1955,Medicine,1/1,359,Individual,Axel Hugo Theodor Theorell,1903-07-06,Sweden,Male,Sweden,no,
1955,Physics,1/2,63,Individual,Willis Eugene Lamb,1913-07-12,United States of America,Male,United States of America,no,
1955,Physics,1/2,64,Individual,Polykarp Kusch,1911-01-26,Germany,Male,United States of America,no,
1956,Chemistry,1/2,219,Individual,Sir Cyril Norman Hinshelwood,1897-05-19,United Kingdom,Male,United Kingdom,no,
1956,Chemistry,1/2,220,Individual,Nikolay Nikolaevich Semenov,1896-04-03,Russia,Male,Union of Soviet Socialist Republics,no,
1956,Medicine,1/3,360,Individual,André Frédéric Cournand,1895-09-24,France,Male,United States of America,no,
1956,Medicine,1/3,361,Individual,Werner Forssmann,1904-08-29,Germany,Male,Federal Republic of Germany,no,
1956,Medicine,1/3,361,Individual,Werner Forssmann,1904-08-29,Germany,Male,Federal Republic of Germany,no,
1956,Medicine,1/3,362,Individual,Dickinson W. Richards,1895-10-30,United States of America,Male,United States of America,no,
1956,Physics,1/3,65,Individual,William Bradford Shockley,1910-02-13,United Kingdom,Male,United States of America,yes,Racialism and eugenics
1956,Physics,1/3,66,Individual,John Bardeen,1908-05-23,United States of America,Male,United States of America,no,
1956,Physics,1/3,67,Individual,Walter Houser Brattain,1902-02-10,China,Male,United States of America,no,
1957,Chemistry,1/1,221,Individual,Lord (Alexander R.) Todd,1907-10-02,Scotland,Male,United Kingdom,no,
1957,Medicine,1/1,363,Individual,Daniel Bovet,1907-03-23,Switzerland,Male,Italy,no,
1957,Physics,1/2,68,Individual,Chen Ning Yang,1922-09-22,China,Male,United States of America,no,
1957,Physics,1/2,69,Individual,Tsung-Dao (T.D.) Lee,1926-11-24,China,Male,United States of America,no,
1958,Chemistry,1/1,222,Individual,Frederick Sanger,1918-08-13,United Kingdom,Male,United Kingdom,no,
1958,Medicine,1/4,364,Individual,George Wells Beadle,1903-10-22,United States of America,Male,United States of America,no,
1958,Medicine,1/4,365,Individual,Edward Lawrie Tatum,1909-12-14,United States of America,Male,United States of America,no,
1958,Medicine,1/2,366,Individual,Joshua Lederberg,1925-05-23,United States of America,Male,United States of America,no,
1958,Physics,1/3,70,Individual,Pavel Alekseyevich Cherenkov,1904-07-28,Russia,Male,Union of Soviet Socialist Republics,no,
1958,Physics,1/3,71,Individual,Igor Yevgenyevich Tamm,1895-07-08,Russia,Male,Union of Soviet Socialist Republics,no,
1958,Physics,1/3,71,Individual,Igor Yevgenyevich Tamm,1895-07-08,Russia,Male,Union of Soviet Socialist Republics,no,
1958,Physics,1/3,721,Individual,Il´ja Mikhailovich Frank,1908-10-23,Russia,Male,Union of Soviet Socialist Republics,no,
1958,Physics,1/3,721,Individual,Il´ja Mikhailovich Frank,1908-10-23,Russia,Male,Union of Soviet Socialist Republics,no,
1959,Chemistry,1/1,223,Individual,Jaroslav Heyrovsky,1890-12-20,Austria-Hungary (Czech Republic),Male,Czechoslovakia,no,
1959,Medicine,1/2,367,Individual,Severo Ochoa,1905-09-24,Spain,Male,United States of America,no,
1959,Medicine,1/2,368,Individual,Arthur Kornberg,1918-03-03,United States of America,Male,United States of America,no,
1959,Physics,1/2,72,Individual,Emilio Gino Segrè,1905-02-01,Italy,Male,United States of America,no,
1959,Physics,1/2,73,Individual,Owen Chamberlain,1920-07-10,United States of America,Male,United States of America,no,
1960,Chemistry,1/1,224,Individual,Willard Frank Libby,1908-12-17,United States of America,Male,United States of America,no,
1960,Medicine,1/2,369,Individual,Sir Frank Macfarlane Burnet,1899-09-03,Australia,Male,Australia,no,
1960,Medicine,1/2,370,Individual,Peter Brian Medawar,1915-02-28,Brazil,Male,United Kingdom,no,
1960,Physics,1/1,74,Individual,Donald Arthur Glaser,1926-09-21,United States of America,Male,United States of America,no,
1961,Chemistry,1/1,225,Individual,Melvin Calvin,1911-04-08,United States of America,Male,United States of America,no,
1961,Medicine,1/1,371,Individual,Georg von Békésy,1899-06-03,Hungary,Male,United States of America,no,
1961,Physics,1/2,75,Individual,Robert Hofstadter,1915-02-05,United States of America,Male,United States of America,no,
1961,Physics,1/2,76,Individual,Rudolf Ludwig Mössbauer,1929-01-31,Germany,Male,Federal Republic of Germany,no,
1961,Physics,1/2,76,Individual,Rudolf Ludwig Mössbauer,1929-01-31,Germany,Male,United States of America,no,
1962,Chemistry,1/2,226,Individual,Max Ferdinand Perutz,1914-05-19,Austria,Male,United Kingdom,no,
1962,Chemistry,1/2,227,Individual,John Cowdery Kendrew,1917-03-24,United Kingdom,Male,United Kingdom,no,
1962,Medicine,1/3,372,Individual,Francis Harry Compton Crick,1916-06-08,United Kingdom,Male,United Kingdom,no,
1962,Medicine,1/3,373,Individual,James Dewey Watson,1928-04-06,United States of America,Male,United States of America,yes,racialism
1962,Medicine,1/3,374,Individual,Maurice Hugh Frederick Wilkins,1916-12-15,New Zealand,Male,United Kingdom,no,
1962,Physics,1/1,77,Individual,Lev Davidovich Landau,1908-01-22,Russian Empire (Azerbaijan),Male,Union of Soviet Socialist Republics,no,
1963,Chemistry,1/2,228,Individual,Karl Ziegler,1898-11-26,Germany,Male,Federal Republic of Germany,no,
1963,Chemistry,1/2,229,Individual,Giulio Natta,1903-02-26,Italy,Male,Italy,no,
1963,Medicine,1/3,375,Individual,Sir John Carew Eccles,1903-01-27,Australia,Male,Australia,yes,Quantum mysticism
1963,Medicine,1/3,376,Individual,Alan Lloyd Hodgkin,1914-02-05,United Kingdom,Male,United Kingdom,no,
1963,Medicine,1/3,377,Individual,Andrew Fielding Huxley,1917-11-22,United Kingdom,Male,United Kingdom,no,
1963,Physics,1/2,78,Individual,Eugene Paul Wigner,1902-11-17,Austria-Hungary (Hungary),Male,United States of America,yes,Quantum mysticism
1963,Physics,1/4,79,Individual,Maria Goeppert Mayer,1906-06-28,Germany (Poland),Female,United States of America,no,
1963,Physics,1/4,80,Individual,J. Hans D. Jensen,1907-06-25,Germany,Male,Federal Republic of Germany,no,
1964,Chemistry,1/1,230,Individual,Dorothy Crowfoot Hodgkin,1910-05-12,Egypt,Female,United Kingdom,no,
1964,Medicine,1/2,378,Individual,Konrad Bloch,1912-01-21,Germany (Poland),Male,United States of America,no,
1964,Medicine,1/2,379,Individual,Feodor Lynen,1911-04-06,Germany,Male,Federal Republic of Germany,no,
1964,Physics,1/2,81,Individual,Charles Hard Townes,1915-07-28,United States of America,Male,United States of America,no,
1964,Physics,1/4,82,Individual,Nicolay Gennadiyevich Basov,1922-12-14,Union of Soviet Socialist Republics (Russia),Male,Union of Soviet Socialist Republics,no,
1964,Physics,1/4,83,Individual,Aleksandr Mikhailovich Prokhorov,1916-07-11,Australia,Male,Union of Soviet Socialist Republics,no,
1965,Chemistry,1/1,231,Individual,Robert Burns Woodward,1917-04-10,United States of America,Male,United States of America,no,
1965,Medicine,1/3,380,Individual,François Jacob,1920-06-17,France,Male,France,no,
1965,Medicine,1/3,381,Individual,André Lwoff,1902-05-08,France,Male,France,no,
1965,Medicine,1/3,382,Individual,Jacques Monod,1910-02-09,France,Male,France,no,
1965,Physics,1/3,84,Individual,Sin-Itiro Tomonaga,1906-03-31,Japan,Male,Japan,no,
1965,Physics,1/3,85,Individual,Julian Schwinger,1918-02-12,United States of America,Male,United States of America,yes,Pushed cold fusion as late as 1991
1965,Physics,1/3,86,Individual,Richard P. Feynman,1918-05-11,United States of America,Male,United States of America,no,
1966,Chemistry,1/1,232,Individual,Robert S. Mulliken,1896-06-07,United States of America,Male,United States of America,no,
1966,Medicine,1/2,383,Individual,Peyton Rous,1879-10-05,United States of America,Male,United States of America,no,
1966,Medicine,1/2,384,Individual,Charles Brenton Huggins,1901-09-22,Canada,Male,United States of America,no,
1966,Physics,1/1,87,Individual,Alfred Kastler,1902-05-03,Germany (France),Male,France,yes,Paranormal 
1967,Chemistry,1/2,233,Individual,Manfred Eigen,1927-05-09,Germany,Male,Federal Republic of Germany,no,
1967,Chemistry,1/4,234,Individual,Ronald George Wreyford Norrish,1897-11-09,United Kingdom,Male,United Kingdom,no,
1967,Chemistry,1/4,235,Individual,George Porter,1920-12-06,United Kingdom,Male,United Kingdom,no,
1967,Medicine,1/3,385,Individual,Ragnar Granit,1900-10-30,Russian Empire (Finland),Male,Sweden,no,
1967,Medicine,1/3,386,Individual,Haldan Keffer Hartline,1903-12-22,United States of America,Male,United States of America,no,
1967,Medicine,1/3,387,Individual,George Wald,1906-11-18,United States of America,Male,United States of America,no,
1967,Physics,1/1,88,Individual,Hans Albrecht Bethe,1906-07-02,Germany (France),Male,United States of America,no,
1968,Chemistry,1/1,236,Individual,Lars Onsager,1903-11-27,Norway,Male,United States of America,no,
1968,Medicine,1/3,388,Individual,Robert W. Holley,1922-01-28,United States of America,Male,United States of America,no,
1968,Medicine,1/3,389,Individual,Har Gobind Khorana,1922-01-09,India,Male,United States of America,no,
1968,Medicine,1/3,390,Individual,Marshall W. Nirenberg,1927-04-10,United States of America,Male,United States of America,no,
1968,Physics,1/1,89,Individual,Luis Walter Alvarez,1911-06-13,United States of America,Male,United States of America,no,
1969,Chemistry,1/2,237,Individual,Derek H. R. Barton,1918-09-08,United Kingdom,Male,United Kingdom,no,
1969,Chemistry,1/2,238,Individual,Odd Hassel,1897-05-17,Norway,Male,Norway,no,
1969,Medicine,1/2,678,Individual,Jan Tinbergen,1903-04-12,Netherlands,Male,Netherlands,no,
1969,Medicine,1/3,391,Individual,Max Delbrück,1906-09-04,Germany,Male,United States of America,no,
1969,Medicine,1/3,392,Individual,Alfred D. Hershey,1908-12-04,United States of America,Male,United States of America,no,
1969,Medicine,1/3,393,Individual,Salvador E. Luria,1912-08-13,Italy,Male,United States of America,no,
1969,Physics,1/1,90,Individual,Murray Gell-Mann,1929-09-15,United States of America,Male,United States of America,no,
1970,Chemistry,1/1,239,Individual,Luis F. Leloir,1906-09-06,France,Male,Argentina,no,
1970,Medicine,1/3,394,Individual,Sir Bernard Katz,1911-03-26,Germany,Male,United Kingdom,no,
1970,Medicine,1/3,395,Individual,Ulf von Euler,1905-02-07,Sweden,Male,Sweden,no,
1970,Medicine,1/3,396,Individual,Julius Axelrod,1912-05-30,United States of America,Male,United States of America,no,
1970,Physics,1/2,91,Individual,Hannes Olof Gösta Alfvén,1908-05-30,Sweden,Male,Sweden,yes,Plasma cosmology
1970,Physics,1/2,92,Individual,Louis Eugène Félix Néel,1904-11-22,France,Male,France,no,
1971,Chemistry,1/1,240,Individual,Gerhard Herzberg,1904-12-25,Germany,Male,Canada,no,
1971,Medicine,1/1,397,Individual,"Earl W. Sutherland, Jr.",1915-11-19,United States of America,Male,United States of America,no,
1971,Physics,1/1,93,Individual,Dennis Gabor,1900-06-05,Hungary,Male,United Kingdom,no,
1972,Chemistry,1/2,241,Individual,Christian B. Anfinsen,1916-03-26,United States of America,Male,United States of America,no,
1972,Chemistry,1/4,242,Individual,Stanford Moore,1913-09-04,United States of America,Male,United States of America,no,
1972,Chemistry,1/4,243,Individual,William H. Stein,1911-06-25,United States of America,Male,United States of America,no,
1972,Medicine,1/2,398,Individual,Gerald M. Edelman,1929-07-01,United States of America,Male,United States of America,no,
1972,Medicine,1/2,399,Individual,Rodney R. Porter,1917-10-08,United Kingdom,Male,United Kingdom,no,
1972,Physics,1/3,66,Individual,John Bardeen,1908-05-23,United States of America,Male,United States of America,no,
1972,Physics,1/3,95,Individual,Leon Neil Cooper,1930-02-28,United States of America,Male,United States of America,no,
1972,Physics,1/3,96,Individual,John Robert Schrieffer,1931-05-31,United States of America,Male,United States of America,no,
1973,Chemistry,1/2,244,Individual,Ernst Otto Fischer,1918-11-10,Germany,Male,Federal Republic of Germany,no,
1973,Chemistry,1/2,245,Individual,Geoffrey Wilkinson,1921-07-14,United Kingdom,Male,United Kingdom,no,
1973,Medicine,1/3,400,Individual,Karl von Frisch,1886-11-20,Austria,Male,Federal Republic of Germany,no,
1973,Medicine,1/3,401,Individual,Konrad Lorenz,1903-11-07,Austria,Male,Austria,no,
1973,Medicine,1/3,402,Individual,Nikolaas Tinbergen,1907-04-15,Netherlands,Male,United Kingdom,yes,Crank theories of autism
1973,Physics,1/4,97,Individual,Leo Esaki,1925-03-12,Japan,Male,United States of America,no,
1973,Physics,1/4,98,Individual,Ivar Giaever,1929-04-05,Norway,Male,United States of America,yes,Global warming denial
1973,Physics,1/2,99,Individual,Brian David Josephson,1940-01-04,United Kingdom,Male,United Kingdom,yes,"Psychic and paranormal phenomena, Cold fusion, Water memory and homeopathy"
1974,Chemistry,1/1,246,Individual,Paul J. Flory,1910-06-19,United States of America,Male,United States of America,no,
1974,Medicine,1/3,403,Individual,Albert Claude,1898-08-24,Belgium,Male,Belgium,no,
1974,Medicine,1/3,404,Individual,Christian de Duve,1917-10-02,United Kingdom,Male,United States of America,no,
1974,Medicine,1/3,404,Individual,Christian de Duve,1917-10-02,United Kingdom,Male,Belgium,no,
1974,Medicine,1/3,405,Individual,George E. Palade,1912-11-19,Romania,Male,United States of America,no,
1974,Physics,1/2,100,Individual,Sir Martin Ryle,1918-09-27,United Kingdom,Male,United Kingdom,no,
1974,Physics,1/2,101,Individual,Antony Hewish,1924-05-11,United Kingdom,Male,United Kingdom,no,
1975,Chemistry,1/2,247,Individual,John Warcup Cornforth,1917-09-07,Australia,Male,United Kingdom,no,
1975,Chemistry,1/2,248,Individual,Vladimir Prelog,1906-07-23,Austria-Hungary (Bosnia and Herzegovina),Male,Switzerland,no,
1975,Medicine,1/3,406,Individual,David Baltimore,1938-03-07,United States of America,Male,United States of America,no,
1975,Medicine,1/3,407,Individual,Renato Dulbecco,1914-02-22,Italy,Male,United Kingdom,no,
1975,Medicine,1/3,408,Individual,Howard Martin Temin,1934-12-10,United States of America,Male,United States of America,no,
1975,Physics,1/3,102,Individual,Aage Niels Bohr,1922-06-19,Denmark,Male,Denmark,no,
1975,Physics,1/3,103,Individual,Ben Roy Mottelson,1926-07-09,United States of America,Male,Denmark,no,
1975,Physics,1/3,104,Individual,Leo James Rainwater,1917-12-09,United States of America,Male,United States of America,no,
1976,Chemistry,1/1,249,Individual,William N. Lipscomb,1919-12-09,United States of America,Male,United States of America,no,
1976,Medicine,1/2,409,Individual,Baruch S. Blumberg,1925-07-28,United States of America,Male,United States of America,no,
1976,Medicine,1/2,410,Individual,D. Carleton Gajdusek,1923-09-09,United States of America,Male,United States of America,no,
1976,Physics,1/2,105,Individual,Burton Richter,1931-03-22,United States of America,Male,United States of America,no,
1976,Physics,1/2,106,Individual,Samuel Chao Chung Ting,1936-01-27,United States of America,Male,United States of America,no,
1977,Chemistry,1/1,250,Individual,Ilya Prigogine,1917-01-25,Russia,Male,Belgium,no,
1977,Chemistry,1/1,250,Individual,Ilya Prigogine,1917-01-25,Russia,Male,United States of America,no,
1977,Medicine,1/4,411,Individual,Roger Guillemin,1924-01-11,France,Male,United States of America,no,
1977,Medicine,1/4,412,Individual,Andrew V. Schally,1926-11-30,Poland (Lithuania),Male,United States of America,no,
1977,Medicine,1/2,413,Individual,Rosalyn Yalow,1921-07-19,United States of America,Female,United States of America,no,
1977,Physics,1/3,107,Individual,Philip Warren Anderson,1923-12-13,United States of America,Male,United States of America,no,
1977,Physics,1/3,108,Individual,Sir Nevill Francis Mott,1905-09-30,United Kingdom,Male,United Kingdom,no,
1977,Physics,1/3,109,Individual,John Hasbrouck van Vleck,1899-03-13,United States of America,Male,United States of America,no,
1978,Chemistry,1/1,251,Individual,Peter D. Mitchell,1920-09-29,United Kingdom,Male,United Kingdom,no,
1978,Medicine,1/3,414,Individual,Werner Arber,1929-06-03,Switzerland,Male,Switzerland,no,
1978,Medicine,1/3,415,Individual,Daniel Nathans,1928-10-30,United States of America,Male,United States of America,no,
1978,Medicine,1/3,416,Individual,Hamilton O. Smith,1931-08-23,United States of America,Male,United States of America,no,
1978,Physics,1/2,110,Individual,Pyotr Leonidovich Kapitsa,1894-07-09,Russian Empire (Russia),Male,Union of Soviet Socialist Republics,no,
1978,Physics,1/4,111,Individual,Arno Allan Penzias,1933-04-26,Germany,Male,United States of America,no,
1978,Physics,1/4,112,Individual,Robert Woodrow Wilson,1936-01-10,United States of America,Male,United States of America,no,
1979,Chemistry,1/2,252,Individual,Herbert C. Brown,1912-05-22,United Kingdom,Male,United States of America,no,
1979,Chemistry,1/2,253,Individual,Georg Wittig,1897-06-16,Germany,Male,Federal Republic of Germany,no,
1979,Medicine,1/2,417,Individual,Allan M. Cormack,1924-02-23,South Africa,Male,United States of America,no,
1979,Medicine,1/2,418,Individual,Godfrey N. Hounsfield,1919-08-28,United Kingdom,Male,United Kingdom,no,
1979,Physics,1/3,113,Individual,Sheldon Lee Glashow,1932-12-05,United States of America,Male,United States of America,no,
1979,Physics,1/3,114,Individual,Abdus Salam,1926-01-29,India (Pakistan),Male,Italy,no,
1979,Physics,1/3,114,Individual,Abdus Salam,1926-01-29,India (Pakistan),Male,United Kingdom,no,
1979,Physics,1/3,115,Individual,Steven Weinberg,1933-05-03,United States of America,Male,United States of America,no,
1980,Chemistry,1/4,222,Individual,Frederick Sanger,1918-08-13,United Kingdom,Male,United Kingdom,no,
1980,Chemistry,1/2,254,Individual,Paul Berg,1926-06-30,United States of America,Male,United States of America,no,
1980,Chemistry,1/4,255,Individual,Walter Gilbert,1932-03-21,United States of America,Male,United States of America,no,
1980,Medicine,1/3,419,Individual,Baruj Benacerraf,1920-10-29,Venezuela,Male,United States of America,no,
1980,Medicine,1/3,420,Individual,Jean Dausset,1916-10-19,France,Male,France,no,
1980,Medicine,1/3,421,Individual,George D. Snell,1903-12-19,United States of America,Male,United States of America,no,
1980,Physics,1/2,116,Individual,James Watson Cronin,1931-09-29,United States of America,Male,United States of America,no,
1980,Physics,1/2,117,Individual,Val Logsdon Fitch,1923-03-10,United States of America,Male,United States of America,no,
1981,Chemistry,1/2,257,Individual,Kenichi Fukui,1918-10-04,Japan,Male,Japan,no,
1981,Chemistry,1/2,258,Individual,Roald Hoffmann,1937-07-18,Poland (Ukraine),Male,United States of America,no,
1981,Medicine,1/2,422,Individual,Roger W. Sperry,1913-08-20,United States of America,Male,United States of America,no,
1981,Medicine,1/4,423,Individual,David H. Hubel,1926-02-27,Canada,Male,United States of America,no,
1981,Medicine,1/4,424,Individual,Torsten N. Wiesel,1924-06-03,Sweden,Male,United States of America,no,
1981,Physics,1/4,118,Individual,Nicolaas Bloembergen,1920-03-11,Netherlands,Male,United States of America,no,
1981,Physics,1/4,119,Individual,Arthur Leonard Schawlow,1921-05-05,United States of America,Male,United States of America,no,
1981,Physics,1/2,120,Individual,Kai M. Siegbahn,1918-04-20,Sweden,Male,Sweden,no,
1982,Chemistry,1/1,259,Individual,Aaron Klug,1926-08-11,Lithuania,Male,United Kingdom,no,
1982,Medicine,1/3,425,Individual,Sune K. Bergström,1916-01-10,Sweden,Male,Sweden,no,
1982,Medicine,1/3,426,Individual,Bengt I. Samuelsson,1934-05-21,Sweden,Male,Sweden,no,
1982,Medicine,1/3,427,Individual,John R. Vane,1927-03-29,United Kingdom,Male,United Kingdom,no,
1982,Physics,1/1,121,Individual,Kenneth G. Wilson,1936-06-08,United States of America,Male,United States of America,no,
1983,Chemistry,1/1,260,Individual,Henry Taube,1915-11-30,Canada,Male,United States of America,no,
1983,Medicine,1/1,428,Individual,Barbara McClintock,1902-06-16,United States of America,Female,United States of America,no,
1983,Physics,1/2,122,Individual,Subramanyan Chandrasekhar,1910-10-19,India (Pakistan),Male,United States of America,no,
1983,Physics,1/2,123,Individual,William Alfred Fowler,1911-08-09,United States of America,Male,United States of America,no,
1984,Chemistry,1/1,261,Individual,Robert Bruce Merrifield,1921-07-15,United States of America,Male,United States of America,no,
1984,Medicine,1/3,429,Individual,Niels K. Jerne,1911-12-23,United Kingdom,Male,Switzerland,no,
1984,Medicine,1/3,430,Individual,Georges J.F. Köhler,1946-04-17,Germany,Male,Switzerland,no,
1984,Medicine,1/3,431,Individual,César Milstein,1927-10-08,Argentina,Male,United Kingdom,no,
1984,Physics,1/2,124,Individual,Carlo Rubbia,1934-03-31,Italy,Male,Switzerland,no,
1984,Physics,1/2,125,Individual,Simon van der Meer,1925-11-24,Netherlands,Male,Switzerland,no,
1985,Chemistry,1/2,262,Individual,Herbert A. Hauptman,1917-02-14,United States of America,Male,United States of America,no,
1985,Chemistry,1/2,263,Individual,Jerome Karle,1918-06-18,United States of America,Male,United States of America,no,
1985,Medicine,1/2,432,Individual,Michael S. Brown,1941-04-13,United States of America,Male,United States of America,no,
1985,Medicine,1/2,433,Individual,Joseph L. Goldstein,1940-04-18,United States of America,Male,United States of America,no,
1985,Physics,1/1,126,Individual,Klaus von Klitzing,1943-06-28,German-occupied Poland (Poland),Male,Federal Republic of Germany,no,
1986,Chemistry,1/3,264,Individual,Dudley R. Herschbach,1932-06-18,United States of America,Male,United States of America,no,
1986,Chemistry,1/3,265,Individual,Yuan T. Lee,1936-11-19,Taiwan,Male,United States of America,no,
1986,Chemistry,1/3,266,Individual,John C. Polanyi,1929-01-23,Germany,Male,Canada,no,
1986,Medicine,1/2,434,Individual,Stanley Cohen,1922-11-17,United States of America,Male,United States of America,no,
1986,Medicine,1/2,435,Individual,Rita Levi-Montalcini,1909-04-22,Italy,Female,Italy,no,
1986,Physics,1/2,127,Individual,Ernst Ruska,1906-12-25,Germany,Male,Federal Republic of Germany,no,
1986,Physics,1/4,128,Individual,Gerd Binnig,1947-07-20,West Germany (Germany),Male,Switzerland,no,
1986,Physics,1/4,129,Individual,Heinrich Rohrer,1933-06-06,Switzerland,Male,Switzerland,no,
1987,Chemistry,1/3,267,Individual,Donald J. Cram,1919-04-22,United States of America,Male,United States of America,no,
1987,Chemistry,1/3,268,Individual,Jean-Marie Lehn,1939-09-30,France,Male,France,no,
1987,Chemistry,1/3,268,Individual,Jean-Marie Lehn,1939-09-30,France,Male,France,no,
1987,Chemistry,1/3,269,Individual,Charles J. Pedersen,1904-10-03,Korea (South Korea),Male,United States of America,no,
1987,Medicine,1/1,436,Individual,Susumu Tonegawa,1939-09-06,Japan,Male,United States of America,no,
1987,Physics,1/2,130,Individual,J. Georg Bednorz,1950-05-16,West Germany (Germany),Male,Switzerland,no,
1987,Physics,1/2,131,Individual,K. Alexander Müller,1927-04-20,Switzerland,Male,Switzerland,no,
1988,Chemistry,1/3,270,Individual,Johann Deisenhofer,1943-09-30,Germany,Male,United States of America,no,
1988,Chemistry,1/3,270,Individual,Johann Deisenhofer,1943-09-30,Germany,Male,,no,
1988,Chemistry,1/3,271,Individual,Robert Huber,1937-02-20,Germany,Male,Federal Republic of Germany,no,
1988,Chemistry,1/3,272,Individual,Hartmut Michel,1948-07-18,West Germany (Germany),Male,Federal Republic of Germany,no,
1988,Medicine,1/3,437,Individual,Sir James W. Black,1924-06-14,Scotland,Male,United Kingdom,no,
1988,Medicine,1/3,438,Individual,Gertrude B. Elion,1918-01-23,United States of America,Female,United States of America,no,
1988,Medicine,1/3,439,Individual,George H. Hitchings,1905-04-18,United States of America,Male,United States of America,no,
1988,Physics,1/3,132,Individual,Leon M. Lederman,1922-07-15,United States of America,Male,United States of America,no,
1988,Physics,1/3,133,Individual,Melvin Schwartz,1932-11-02,United States of America,Male,United States of America,no,
1988,Physics,1/3,134,Individual,Jack Steinberger,1921-05-25,Germany,Male,Switzerland,no,
1989,Chemistry,1/2,273,Individual,Sidney Altman,1939-05-07,Canada,Male,United States of America,no,
1989,Chemistry,1/2,274,Individual,Thomas R. Cech,1947-12-08,United States of America,Male,United States of America,no,
1989,Medicine,1/2,440,Individual,J. Michael Bishop,1936-02-22,United States of America,Male,United States of America,no,
1989,Medicine,1/2,441,Individual,Harold E. Varmus,1939-12-18,United States of America,Male,United States of America,no,
1989,Physics,1/2,135,Individual,Norman F. Ramsey,1915-08-27,United States of America,Male,United States of America,no,
1989,Physics,1/4,136,Individual,Hans G. Dehmelt,1922-09-09,Prussia (Germany),Male,United States of America,no,
1989,Physics,1/4,137,Individual,Wolfgang Paul,1913-08-10,Germany,Male,Federal Republic of Germany,no,
1990,Chemistry,1/1,275,Individual,Elias James Corey,1928-07-12,United States of America,Male,United States of America,no,
1990,Medicine,1/2,442,Individual,Joseph E. Murray,1919-04-01,United States of America,Male,United States of America,no,
1990,Medicine,1/2,443,Individual,E. Donnall Thomas,1920-03-15,United States of America,Male,United States of America,no,
1990,Physics,1/3,138,Individual,Jerome I. Friedman,1930-03-28,United States of America,Male,United States of America,no,
1990,Physics,1/3,139,Individual,Henry W. Kendall,1926-12-09,United States of America,Male,United States of America,no,
1990,Physics,1/3,140,Individual,Richard E. Taylor,1929-11-02,Canada,Male,United States of America,no,
1991,Chemistry,1/1,276,Individual,Richard R. Ernst,1933-08-14,Switzerland,Male,Switzerland,no,
1991,Medicine,1/2,444,Individual,Erwin Neher,1944-03-20,Germany,Male,Federal Republic of Germany,no,
1991,Medicine,1/2,445,Individual,Bert Sakmann,1942-06-12,Germany,Male,Federal Republic of Germany,no,
1991,Physics,1/1,141,Individual,Pierre-Gilles de Gennes,1932-10-24,France,Male,France,no,
1992,Chemistry,1/1,277,Individual,Rudolph A. Marcus,1923-07-21,Canada,Male,United States of America,no,
1992,Medicine,1/2,446,Individual,Edmond H. Fischer,1920-04-06,China,Male,United States of America,no,
1992,Medicine,1/2,447,Individual,Edwin G. Krebs,1918-06-06,United States of America,Male,United States of America,no,
1992,Physics,1/1,142,Individual,Georges Charpak,1924-08-01,Poland,Male,France,no,
1992,Physics,1/1,142,Individual,Georges Charpak,1924-08-01,Poland,Male,Switzerland,no,
1993,Chemistry,1/2,278,Individual,Kary B. Mullis,1944-12-28,United States of America,Male,United States of America,yes,"AIDS denial, alien abduction, Aliensdidit, astrology, astral projection, conspiracy theories, cosmic raccoons, global warming denial, ozone denial"
1993,Chemistry,1/2,279,Individual,Michael Smith,1932-04-26,United Kingdom,Male,Canada,no,
1993,Medicine,1/2,448,Individual,Richard J. Roberts,1943-09-06,United Kingdom,Male,United States of America,no,
1993,Medicine,1/2,449,Individual,Phillip A. Sharp,1944-06-06,United States of America,Male,United States of America,no,
1993,Physics,1/2,143,Individual,Russell A. Hulse,1950-11-28,United States of America,Male,United States of America,no,
1993,Physics,1/2,144,Individual,Joseph H. Taylor Jr.,1941-03-29,United States of America,Male,United States of America,no,
1994,Chemistry,1/1,280,Individual,George A. Olah,1927-05-22,Hungary,Male,United States of America,no,
1994,Medicine,1/2,450,Individual,Alfred G. Gilman,1941-07-01,United States of America,Male,United States of America,no,
1994,Medicine,1/2,451,Individual,Martin Rodbell,1925-12-01,United States of America,Male,United States of America,no,
1994,Physics,1/2,145,Individual,Bertram N. Brockhouse,1918-07-15,Canada,Male,Canada,no,
1994,Physics,1/2,146,Individual,Clifford G. Shull,1915-09-23,United States of America,Male,United States of America,no,
1995,Chemistry,1/3,281,Individual,Paul J. Crutzen,1933-12-03,Netherlands,Male,Federal Republic of Germany,no,
1995,Chemistry,1/3,282,Individual,Mario J. Molina,1943-03-19,Mexico,Male,United States of America,no,
1995,Chemistry,1/3,283,Individual,F. Sherwood Rowland,1927-06-28,United States of America,Male,United States of America,no,
1995,Medicine,1/3,452,Individual,Edward B. Lewis,1918-05-20,United States of America,Male,United States of America,no,
1995,Medicine,1/3,453,Individual,Christiane Nüsslein-Volhard,1942-10-20,Germany,Female,Federal Republic of Germany,no,
1995,Medicine,1/3,454,Individual,Eric F. Wieschaus,1947-06-08,United States of America,Male,United States of America,no,
1995,Physics,1/2,147,Individual,Martin L. Perl,1927-06-24,United States of America,Male,United States of America,no,
1995,Physics,1/2,148,Individual,Frederick Reines,1918-03-16,United States of America,Male,United States of America,no,
1996,Chemistry,1/3,284,Individual,Robert F. Curl Jr.,1933-08-23,United States of America,Male,United States of America,no,
1996,Chemistry,1/3,285,Individual,Sir Harold W. Kroto,1939-10-07,United Kingdom,Male,United Kingdom,no,
1996,Chemistry,1/3,286,Individual,Richard E. Smalley,1943-06-06,United States of America,Male,United States of America,yes,"Creationism, Intelligent Design and evolution denial"
1996,Medicine,1/2,455,Individual,Peter C. Doherty,1940-10-15,Australia,Male,United States of America,no,
1996,Medicine,1/2,456,Individual,Rolf M. Zinkernagel,1944-01-06,Switzerland,Male,Switzerland,no,
1996,Physics,1/3,149,Individual,David M. Lee,1931-01-20,United States of America,Male,United States of America,no,
1996,Physics,1/3,150,Individual,Douglas D. Osheroff,1945-08-01,United States of America,Male,United States of America,no,
1996,Physics,1/3,151,Individual,Robert C. Richardson,1937-06-26,United States of America,Male,United States of America,no,
1997,Chemistry,1/4,287,Individual,Paul D. Boyer,1918-07-31,United States of America,Male,United States of America,no,
1997,Chemistry,1/4,288,Individual,John E. Walker,1941-01-07,United Kingdom,Male,United Kingdom,no,
1997,Chemistry,1/2,289,Individual,Jens C. Skou,1918-10-08,Denmark,Male,Denmark,no,
1997,Medicine,1/1,457,Individual,Stanley B. Prusiner,1942-05-28,United States of America,Male,United States of America,no,
1997,Physics,1/3,152,Individual,Steven Chu,1948-02-28,United States of America,Male,United States of America,no,
1997,Physics,1/3,153,Individual,Claude Cohen-Tannoudji,1933-04-01,French Algeria (Algeria),Male,France,no,
1997,Physics,1/3,153,Individual,Claude Cohen-Tannoudji,1933-04-01,French Algeria (Algeria),Male,France,no,
1997,Physics,1/3,154,Individual,William D. Phillips,1948-11-05,United States of America,Male,United States of America,no,
1998,Chemistry,1/2,290,Individual,Walter Kohn,1923-03-09,Austria,Male,United States of America,no,
1998,Chemistry,1/2,291,Individual,John A. Pople,1925-10-31,United Kingdom,Male,United States of America,no,
1998,Medicine,1/3,458,Individual,Robert F. Furchgott,1916-06-04,United States of America,Male,United States of America,no,
1998,Medicine,1/3,459,Individual,Louis J. Ignarro,1941-05-31,United States of America,Male,United States of America,yes,herbalife
1998,Medicine,1/3,460,Individual,Ferid Murad,1936-09-14,United States of America,Male,United States of America,no,
1998,Physics,1/3,155,Individual,Robert B. Laughlin,1950-11-01,United States of America,Male,United States of America,no,
1998,Physics,1/3,156,Individual,Horst L. Störmer,1949-04-06,West Germany (Germany),Male,United States of America,no,
1998,Physics,1/3,157,Individual,Daniel C. Tsui,1939-02-28,China,Male,United States of America,no,
1999,Chemistry,1/1,292,Individual,Ahmed H. Zewail,1946-02-26,Egypt,Male,United States of America,no,
1999,Medicine,1/1,461,Individual,Günter Blobel,1936-05-21,Germany (Poland),Male,United States of America,no,
1999,Medicine,1/1,461,Individual,Günter Blobel,1936-05-21,Germany (Poland),Male,,no,
1999,Physics,1/2,158,Individual,Gerardus 't Hooft,1946-07-05,Netherlands,Male,Netherlands,no,
1999,Physics,1/2,159,Individual,Martinus J.G. Veltman,1931-06-27,Netherlands,Male,Netherlands,no,
2000,Chemistry,1/3,729,Individual,Alan J. Heeger,1936-01-22,United States of America,Male,United States of America,no,
2000,Chemistry,1/3,730,Individual,Alan G. MacDiarmid,1927-04-14,New Zealand,Male,United States of America,no,
2000,Chemistry,1/3,731,Individual,Hideki Shirakawa,1936-08-20,Japan,Male,Japan,no,
2000,Medicine,1/3,722,Individual,Arvid Carlsson,1923-01-25,Sweden,Male,Sweden,no,
2000,Medicine,1/3,723,Individual,Paul Greengard,1925-12-11,United States of America,Male,United States of America,no,
2000,Medicine,1/3,724,Individual,Eric R. Kandel,1929-11-07,Austria,Male,United States of America,no,
2000,Physics,1/4,726,Individual,Zhores I. Alferov,1930-03-15,Union of Soviet Socialist Republics (Belarus),Male,Russia,no,
2000,Physics,1/4,727,Individual,Herbert Kroemer,1928-08-25,Germany,Male,United States of America,no,
2000,Physics,1/2,728,Individual,Jack S. Kilby,1923-11-08,United States of America,Male,United States of America,no,
2001,Chemistry,1/4,741,Individual,William S. Knowles,1917-06-01,United States of America,Male,United States of America,no,
2001,Chemistry,1/4,742,Individual,Ryoji Noyori,1938-09-03,Japan,Male,Japan,no,
2001,Chemistry,1/2,743,Individual,K. Barry Sharpless,1941-04-28,United States of America,Male,United States of America,no,
2001,Medicine,1/3,735,Individual,Leland H. Hartwell,1939-10-30,United States of America,Male,United States of America,no,
2001,Medicine,1/3,736,Individual,Tim Hunt,1943-02-19,United Kingdom,Male,United Kingdom,no,
2001,Medicine,1/3,737,Individual,Sir Paul M. Nurse,1949-01-25,United Kingdom,Male,United Kingdom,no,
2001,Physics,1/3,738,Individual,Eric A. Cornell,1961-12-19,United States of America,Male,United States of America,no,
2001,Physics,1/3,739,Individual,Wolfgang Ketterle,1957-10-21,West Germany (Germany),Male,United States of America,no,
2001,Physics,1/3,740,Individual,Carl E. Wieman,1951-03-26,United States of America,Male,United States of America,no,
2002,Chemistry,1/4,756,Individual,John B. Fenn,1917-06-15,United States of America,Male,United States of America,no,
2002,Chemistry,1/4,757,Individual,Koichi Tanaka,1959-08-03,Japan,Male,Japan,no,
2002,Chemistry,1/2,758,Individual,Kurt Wüthrich,1938-10-04,Switzerland,Male,Switzerland,no,
2002,Chemistry,1/2,758,Individual,Kurt Wüthrich,1938-10-04,Switzerland,Male,United States of America,no,
2002,Medicine,1/3,750,Individual,Sydney Brenner,1927-01-13,South Africa,Male,United States of America,no,
2002,Medicine,1/3,751,Individual,H. Robert Horvitz,1947-05-08,United States of America,Male,United States of America,no,
2002,Medicine,1/3,752,Individual,John E. Sulston,1942-03-27,United Kingdom,Male,United Kingdom,no,
2002,Physics,1/4,753,Individual,Raymond Davis Jr.,1914-10-14,United States of America,Male,United States of America,no,
2002,Physics,1/4,754,Individual,Masatoshi Koshiba,1926-09-19,Japan,Male,Japan,no,
2002,Physics,1/2,755,Individual,Riccardo Giacconi,1931-10-06,Italy,Male,United States of America,no,
2003,Chemistry,1/2,769,Individual,Peter Agre,1949-01-30,United States of America,Male,United States of America,no,
2003,Chemistry,1/2,770,Individual,Roderick MacKinnon,1956-02-19,United States of America,Male,United States of America,no,
2003,Chemistry,1/2,770,Individual,Roderick MacKinnon,1956-02-19,United States of America,Male,,no,
2003,Medicine,1/2,764,Individual,Paul C. Lauterbur,1929-05-06,United States of America,Male,United States of America,no,
2003,Medicine,1/2,765,Individual,Sir Peter Mansfield,1933-10-09,United Kingdom,Male,United Kingdom,no,
2003,Physics,1/3,766,Individual,Alexei A. Abrikosov,1928-06-25,Union of Soviet Socialist Republics (Russia),Male,United States of America,no,
2003,Physics,1/3,767,Individual,Vitaly L. Ginzburg,1916-10-04,Russia,Male,Russia,no,
2003,Physics,1/3,768,Individual,Anthony J. Leggett,1938-03-26,United Kingdom,Male,United States of America,no,
2004,Chemistry,1/3,779,Individual,Aaron Ciechanover,1947-10-01,British Protectorate of Palestine (Israel),Male,Israel,no,
2004,Chemistry,1/3,780,Individual,Avram Hershko,1937-12-31,Hungary,Male,Israel,no,
2004,Chemistry,1/3,781,Individual,Irwin Rose,1926-07-16,United States of America,Male,United States of America,no,
2004,Medicine,1/2,774,Individual,Richard Axel,1946-07-02,United States of America,Male,United States of America,no,
2004,Medicine,1/2,775,Individual,Linda B. Buck,1947-01-29,United States of America,Female,United States of America,no,
2004,Physics,1/3,776,Individual,David J. Gross,1941-02-19,United States of America,Male,United States of America,no,
2004,Physics,1/3,777,Individual,H. David Politzer,1949-08-31,United States of America,Male,United States of America,no,
2004,Physics,1/3,778,Individual,Frank Wilczek,1951-05-15,United States of America,Male,United States of America,no,
2005,Chemistry,1/3,794,Individual,Yves Chauvin,1930-10-10,Belgium,Male,France,no,
2005,Chemistry,1/3,795,Individual,Robert H. Grubbs,1942-02-27,United States of America,Male,United States of America,no,
2005,Chemistry,1/3,796,Individual,Richard R. Schrock,1945-01-04,United States of America,Male,United States of America,no,
2005,Medicine,1/2,789,Individual,Barry J. Marshall,1951-09-30,Australia,Male,Australia,no,
2005,Medicine,1/2,789,Individual,Barry J. Marshall,1951-09-30,Australia,Male,Australia,no,
2005,Medicine,1/2,790,Individual,J. Robin Warren,1937-06-11,Australia,Male,Australia,no,
2005,Physics,1/2,791,Individual,Roy J. Glauber,1925-09-01,United States of America,Male,United States of America,no,
2005,Physics,1/4,792,Individual,John L. Hall,1934-08-21,United States of America,Male,United States of America,no,
2005,Physics,1/4,792,Individual,John L. Hall,1934-08-21,United States of America,Male,United States of America,no,
2005,Physics,1/4,793,Individual,Theodor W. Hänsch,1941-10-30,Germany,Male,Germany,no,
2005,Physics,1/4,793,Individual,Theodor W. Hänsch,1941-10-30,Germany,Male,Germany,no,
2006,Chemistry,1/1,806,Individual,Roger D. Kornberg,1947-04-24,United States of America,Male,United States of America,no,
2006,Medicine,1/2,802,Individual,Andrew Z. Fire,1959-04-27,United States of America,Male,United States of America,no,
2006,Medicine,1/2,803,Individual,Craig C. Mello,1960-10-19,United States of America,Male,United States of America,no,
2006,Physics,1/2,804,Individual,John C. Mather,1946-08-07,United States of America,Male,United States of America,no,
2006,Physics,1/2,805,Individual,George F. Smoot,1945-02-20,United States of America,Male,United States of America,no,
2007,Chemistry,1/1,816,Individual,Gerhard Ertl,1936-10-10,Germany,Male,Germany,no,
2007,Medicine,1/3,811,Individual,Mario R. Capecchi,1937-10-06,Italy,Male,United States of America,no,
2007,Medicine,1/3,811,Individual,Mario R. Capecchi,1937-10-06,Italy,Male,,no,
2007,Medicine,1/3,812,Individual,Sir Martin J. Evans,1941-01-01,United Kingdom,Male,United Kingdom,yes,stem cell quackery
2007,Medicine,1/3,813,Individual,Oliver Smithies,1925-06-23,United Kingdom,Male,United States of America,no,
2007,Physics,1/2,814,Individual,Albert Fert,1938-03-07,France,Male,France,no,
2007,Physics,1/2,814,Individual,Albert Fert,1938-03-07,France,Male,France,no,
2007,Physics,1/2,815,Individual,Peter Grünberg,1939-05-18,Czechoslovakia (Czech Republic),Male,Germany,no,
2008,Chemistry,1/3,829,Individual,Osamu Shimomura,1928-08-27,Japan,Male,United States of America,no,
2008,Chemistry,1/3,829,Individual,Osamu Shimomura,1928-08-27,Japan,Male,United States of America,no,
2008,Chemistry,1/3,830,Individual,Martin Chalfie,1947-01-15,United States of America,Male,United States of America,no,
2008,Chemistry,1/3,831,Individual,Roger Y. Tsien,1952-02-01,United States of America,Male,United States of America,no,
2008,Chemistry,1/3,831,Individual,Roger Y. Tsien,1952-02-01,United States of America,Male,,no,
2008,Medicine,1/2,823,Individual,Harald zur Hausen,1936-03-11,Germany,Male,Germany,no,
2008,Medicine,1/4,824,Individual,Françoise Barré-Sinoussi,1947-07-30,France,Female,France,no,
2008,Medicine,1/4,825,Individual,Luc Montagnier,1932-08-18,France,Male,France,yes,"Homeopathy, water memory, autism quackery, AIDS cured by nutrition and vaccine hysteria"
2008,Physics,1/2,826,Individual,Yoichiro Nambu,1921-01-18,Japan,Male,United States of America,no,
2008,Physics,1/4,827,Individual,Makoto Kobayashi,1944-04-07,Japan,Male,Japan,no,
2008,Physics,1/4,828,Individual,Toshihide Maskawa,1940-02-07,Japan,Male,Japan,no,
2008,Physics,1/4,828,Individual,Toshihide Maskawa,1940-02-07,Japan,Male,Japan,no,
2009,Chemistry,1/3,841,Individual,Venkatraman Ramakrishnan,,India,Male,United Kingdom,no,
2009,Chemistry,1/3,842,Individual,Thomas A. Steitz,1940-08-23,United States of America,Male,United States of America,no,
2009,Chemistry,1/3,842,Individual,Thomas A. Steitz,1940-08-23,United States of America,Male,,no,
2009,Chemistry,1/3,843,Individual,Ada E. Yonath,1939-06-22,British Mandate of Palestine (Israel),Female,Israel,no,
2009,Medicine,1/3,835,Individual,Elizabeth H. Blackburn,1948-11-26,Australia,Female,United States of America,no,
2009,Medicine,1/3,836,Individual,Carol W. Greider,1961-04-15,United States of America,Female,United States of America,no,
2009,Medicine,1/3,837,Individual,Jack W. Szostak,1952-11-09,United Kingdom,Male,United States of America,no,
2009,Medicine,1/3,837,Individual,Jack W. Szostak,1952-11-09,United Kingdom,Male,United States of America,no,
2009,Medicine,1/3,837,Individual,Jack W. Szostak,1952-11-09,United Kingdom,Male,,no,
2009,Physics,1/2,838,Individual,Charles Kuen Kao,1933-11-04,China,Male,United Kingdom,no,
2009,Physics,1/2,838,Individual,Charles Kuen Kao,1933-11-04,China,Male,China,no,
2009,Physics,1/4,839,Individual,Willard S. Boyle,1924-08-19,Canada,Male,United States of America,no,
2009,Physics,1/4,840,Individual,George E. Smith,1930-05-10,United States of America,Male,United States of America,no,
2010,Chemistry,1/3,851,Individual,Richard F. Heck,1931-08-15,United States of America,Male,United States of America,no,
2010,Chemistry,1/3,852,Individual,Ei-ichi Negishi,1935-07-14,China,Male,United States of America,no,
2010,Chemistry,1/3,853,Individual,Akira Suzuki,1930-09-12,Japan,Male,Japan,no,
2010,Medicine,1/1,848,Individual,Robert G. Edwards,1925-09-27,United Kingdom,Male,United Kingdom,no,
2010,Physics,1/2,849,Individual,Andre Geim,1958-10-21,Russia,Male,United Kingdom,no,
2010,Physics,1/2,850,Individual,Konstantin Novoselov,1974-08-23,Russia,Male,United Kingdom,no,
2011,Chemistry,1/1,867,Individual,Dan Shechtman,1941-01-24,British Mandate of Palestine (Israel),Male,Israel,no,
2011,Medicine,1/4,861,Individual,Bruce A. Beutler,1957-12-29,United States of America,Male,United States of America,no,
2011,Medicine,1/4,861,Individual,Bruce A. Beutler,1957-12-29,United States of America,Male,United States of America,no,
2011,Medicine,1/4,862,Individual,Jules A. Hoffmann,1941-08-02,Luxembourg,Male,France,no,
2011,Medicine,1/2,863,Individual,Ralph M. Steinman,1943-01-14,Canada,Male,United States of America,no,
2011,Physics,1/2,864,Individual,Saul Perlmutter,,United States of America,Male,United States of America,no,
2011,Physics,1/2,864,Individual,Saul Perlmutter,,United States of America,Male,United States of America,no,
2011,Physics,1/4,865,Individual,Brian P. Schmidt,1967-02-24,United States of America,Male,Australia,no,
2011,Physics,1/4,866,Individual,Adam G. Riess,1969-12-16,United States of America,Male,United States of America,no,
2011,Physics,1/4,866,Individual,Adam G. Riess,1969-12-16,United States of America,Male,United States of America,no,
2012,Chemistry,1/2,878,Individual,Robert J. Lefkowitz,1943-04-15,United States of America,Male,,no,
2012,Chemistry,1/2,878,Individual,Robert J. Lefkowitz,1943-04-15,United States of America,Male,United States of America,no,
2012,Chemistry,1/2,879,Individual,Brian K. Kobilka,1955-05-30,United States of America,Male,United States of America,no,
2012,Medicine,1/2,874,Individual,Sir John B. Gurdon,1933-10-02,United Kingdom,Male,United Kingdom,no,
2012,Medicine,1/2,875,Individual,Shinya Yamanaka,1962-09-04,Japan,Male,Japan,no,
2012,Medicine,1/2,875,Individual,Shinya Yamanaka,1962-09-04,Japan,Male,United States of America,no,
2012,Physics,1/2,876,Individual,Serge Haroche,1944-09-11,Morocco,Male,France,no,
2012,Physics,1/2,876,Individual,Serge Haroche,1944-09-11,Morocco,Male,France,no,
2012,Physics,1/2,877,Individual,David J. Wineland,1944-02-24,United States of America,Male,United States of America,no,
2012,Physics,1/2,877,Individual,David J. Wineland,1944-02-24,United States of America,Male,United States of America,no,
2013,Chemistry,1/3,889,Individual,Martin Karplus,1930-03-15,Austria,Male,France,no,
2013,Chemistry,1/3,889,Individual,Martin Karplus,1930-03-15,Austria,Male,United States of America,no,
2013,Chemistry,1/3,890,Individual,Michael Levitt,1947-05-09,South Africa,Male,United States of America,no,
2013,Chemistry,1/3,891,Individual,Arieh Warshel,1940-11-20,British Mandate of Palestine (Israel),Male,United States of America,no,
2013,Medicine,1/3,884,Individual,James E. Rothman,1950-11-03,United States of America,Male,United States of America,no,
2013,Medicine,1/3,885,Individual,Randy W. Schekman,1948-12-30,United States of America,Male,United States of America,no,
2013,Medicine,1/3,885,Individual,Randy W. Schekman,1948-12-30,United States of America,Male,,no,
2013,Medicine,1/3,886,Individual,Thomas C. Südhof,1955-12-22,Germany,Male,United States of America,no,
2013,Medicine,1/3,886,Individual,Thomas C. Südhof,1955-12-22,Germany,Male,,no,
2013,Physics,1/2,887,Individual,François Englert,1932-11-06,Belgium,Male,Belgium,no,
2013,Physics,1/2,888,Individual,Peter W. Higgs,1929-05-29,United Kingdom,Male,United Kingdom,no,
2014,Chemistry,1/3,909,Individual,Eric Betzig,1960-01-13,United States of America,Male,United States of America,no,
2014,Chemistry,1/3,910,Individual,Stefan W. Hell,1962-12-23,Romania,Male,Germany,no,
2014,Chemistry,1/3,910,Individual,Stefan W. Hell,1962-12-23,Romania,Male,Germany,no,
2014,Chemistry,1/3,911,Individual,William E. Moerner,1953-06-24,United States of America,Male,United States of America,no,
2014,Medicine,1/2,903,Individual,John O'Keefe,1939-11-18,United States of America,Male,United Kingdom,no,
2014,Medicine,1/4,904,Individual,May-Britt Moser,1963-01-04,Norway,Female,Norway,no,
2014,Medicine,1/4,905,Individual,Edvard I. Moser,1962-04-27,Norway,Male,Norway,no,
2014,Physics,1/3,906,Individual,Isamu Akasaki,1929-01-30,Japan,Male,Japan,no,
2014,Physics,1/3,906,Individual,Isamu Akasaki,1929-01-30,Japan,Male,Japan,no,
2014,Physics,1/3,907,Individual,Hiroshi Amano,1960-09-11,Japan,Male,Japan,no,
2014,Physics,1/3,908,Individual,Shuji Nakamura,1954-05-22,Japan,Male,United States of America,no,
2015,Chemistry,1/3,921,Individual,Tomas Lindahl,1938-01-28,Sweden,Male,United Kingdom,no,
2015,Chemistry,1/3,921,Individual,Tomas Lindahl,1938-01-28,Sweden,Male,United Kingdom,no,
2015,Chemistry,1/3,922,Individual,Paul Modrich,1946-06-13,United States of America,Male,United States of America,no,
2015,Chemistry,1/3,922,Individual,Paul Modrich,1946-06-13,United States of America,Male,United States of America,no,
2015,Chemistry,1/3,923,Individual,Aziz Sancar,1946-09-08,Turkey,Male,United States of America,no,
2015,Medicine,1/4,916,Individual,William C. Campbell,1930-06-28,Ireland,Male,United States of America,no,
2015,Medicine,1/4,917,Individual,Satoshi Ōmura,1935-07-12,Japan,Male,Japan,no,
2015,Medicine,1/2,918,Individual,Youyou Tu,1930-12-30,China,Female,China,no,
2015,Physics,1/2,919,Individual,Takaaki Kajita,1959-03-09,Japan,Male,Japan,no,
2015,Physics,1/2,920,Individual,Arthur B. McDonald,1943-08-29,Canada,Male,Canada,no,
2016,Chemistry,1/3,931,Individual,Jean-Pierre Sauvage,1944-10-21,France,Male,France,no,
2016,Chemistry,1/3,932,Individual,Sir J. Fraser Stoddart,1942-05-24,United Kingdom,Male,United States of America,no,
2016,Chemistry,1/3,933,Individual,Bernard L. Feringa,1951-05-18,Netherlands,Male,Netherlands,no,
2016,Medicine,1/1,927,Individual,Yoshinori Ohsumi,1945-02-09,Japan,Male,Japan,no,
2016,Physics,1/2,928,Individual,David J. Thouless,1934-09-21,United Kingdom,Male,United States of America,no,
2016,Physics,1/4,929,Individual,F. Duncan M. Haldane,1951-09-14,United Kingdom,Male,United States of America,no,
2016,Physics,1/4,930,Individual,J. Michael Kosterlitz,1943-06-22,United Kingdom,Male,United States of America,no,